1.000274000,0.000005982
0.992957700,0.000006098
0.984730500,0.000006091
0.976598500,0.000006037
0.968509400,0.000005981
0.960438400,0.000006048
0.952362600,0.000006056
0.944318100,0.000006036
0.936334600,0.000006033
0.928296700,0.000006067
0.920238000,0.000006084
0.912212600,0.000006056
0.904219700,0.000006051
0.896209000,0.000006071
0.888207000,0.000006070
0.880191600,0.000006090
0.872187600,0.000006082
0.864186400,0.000006064
0.856178000,0.000006108
0.848182800,0.000006050
0.840162300,0.000006095
0.832148700,0.000006046
0.824114900,0.000006067
0.816080200,0.000006059
0.808085200,0.000006060
0.800071700,0.000006063
0.792041100,0.000006054
0.784044300,0.000006043
0.776058600,0.000006051
0.768037600,0.000006075
0.760048300,0.000006070
0.752070100,0.000006067
0.744090800,0.000006058
0.736070500,0.000006047
0.728071700,0.000006053
0.720062200,0.000006050
0.712060600,0.000006031
0.704042700,0.000006067
0.696063800,0.000006047
0.688049900,0.000006029
0.680047500,0.000006057
0.672045500,0.000006044
0.664029700,0.000006030
0.656036800,0.000006003
0.648025700,0.000006002
0.640020500,0.000005959
0.632019800,0.000006003
0.624025300,0.000006020
0.615991500,0.000005985
0.607961800,0.000005985
0.599954200,0.000005986
0.591955500,0.000005966
0.583946300,0.000005944
0.575951600,0.000005940
0.567973300,0.000005908
0.559962600,0.000005938
0.551972500,0.000005957
0.543972900,0.000005922
0.535968100,0.000005901
0.527977300,0.000005874
0.519975200,0.000005896
0.511958600,0.000005860
0.503971700,0.000005851
0.495998600,0.000005855
0.487979300,0.000005831
0.479953900,0.000005809
0.471954200,0.000005770
0.463968400,0.000005783
0.455980800,0.000005780
0.447952200,0.000005768
0.439962000,0.000005732
0.431952000,0.000005719
0.423966300,0.000005719
0.415948900,0.000005672
0.407837600,0.000005622
0.399849500,0.000005622
0.391858800,0.000005619
0.383895100,0.000005598
0.375877600,0.000005563
0.367869400,0.000005506
0.359828800,0.000005527
0.351850700,0.000005530
0.343820900,0.000005493
0.335816500,0.000005493
0.327839600,0.000005382
0.319880800,0.000005353
0.311860300,0.000005368
0.303835600,0.000005405
0.295829200,0.000005304
0.287840700,0.000005272
0.279855400,0.000005215
0.271829200,0.000005172
0.263825600,0.000005162
0.255853800,0.000005157
0.247868000,0.000005123
0.239870000,0.000005029
0.231865800,0.000005028
0.223856200,0.000005052
0.215875300,0.000004962
0.207856200,0.000004835
0.199830000,0.000004813
0.191839500,0.000004781
0.183834000,0.000004707
0.175809400,0.000004636
0.167804200,0.000004586
0.159797100,0.000004545
0.151781200,0.000004498
0.143784400,0.000004485
0.135800400,0.000004433
0.127794600,0.000004350
0.119776000,0.000004248
0.111775200,0.000004202
0.103794600,0.000004184
0.095784780,0.000003994
0.087791230,0.000003895
0.079779630,0.000003785
0.071768570,0.000003762
0.063781630,0.000003743
0.055791910,0.000003557
0.047776040,0.000003481
0.039785170,0.000003445
0.031797860,0.000003271
0.023799850,0.000003199
0.015770140,0.000003107
0.007735563,0.000002988
-0.000294372,0.000002738
-0.008266820,0.000002715
-0.016290090,0.000002554
-0.024335080,0.000002414
-0.032321190,0.000002269
-0.040294600,0.000002200
-0.048304920,0.000001982
-0.056312060,0.000001893
-0.064307700,0.000001772
-0.070912910,0.000001665
-0.080083970,0.000001558
-0.088032380,0.000001520
-0.096281110,0.000001378
-0.104313700,0.000001193
-0.112314400,0.000001096
-0.120308100,0.000001054
-0.128300200,0.000000956
-0.136325600,0.000000844
-0.144353700,0.000000782
-0.152370400,0.000000709
-0.160364900,0.000000562
-0.168368400,0.000000506
-0.176362900,0.000000439
-0.184372000,0.000000282
-0.192352900,0.000000193
-0.200344600,0.000000142
-0.208417700,0.000000046
-0.216410000,0.000000008
-0.224384400,-0.000000148
-0.232395400,-0.000000167
-0.240414500,-0.000000246
-0.248403000,-0.000000303
-0.256374800,-0.000000367
-0.264418500,-0.000000435
-0.272411000,-0.000000576
-0.280431100,-0.000000643
-0.288421200,-0.000000718
-0.296416000,-0.000000768
-0.304416400,-0.000000845
-0.312404100,-0.000000943
-0.320394800,-0.000001042
-0.328406100,-0.000001125
-0.336392300,-0.000001132
-0.344388000,-0.000001210
-0.352399600,-0.000001259
-0.360396400,-0.000001369
-0.368406900,-0.000001438
-0.376390300,-0.000001437
-0.384398400,-0.000001494
-0.392416100,-0.000001618
-0.400389500,-0.000001664
-0.408494400,-0.000001709
-0.416522000,-0.000001789
-0.424508300,-0.000001835
-0.432511700,-0.000001925
-0.440488700,-0.000001976
-0.448478700,-0.000002017
-0.456491800,-0.000002085
-0.464497000,-0.000002128
-0.472508600,-0.000002191
-0.480501400,-0.000002248
-0.488518800,-0.000002325
-0.496495800,-0.000002346
-0.504471600,-0.000002409
-0.512506300,-0.000002469
-0.520513300,-0.000002525
-0.528489100,-0.000002598
-0.536505500,-0.000002667
-0.544517300,-0.000002699
-0.552495100,-0.000002744
-0.560482300,-0.000002831
-0.568511800,-0.000002870
-0.576512900,-0.000002894
-0.584484700,-0.000002933
-0.592477100,-0.000003009
-0.600492900,-0.000003045
-0.608526000,-0.000003065
-0.616538700,-0.000003135
-0.624557500,-0.000003201
-0.632576400,-0.000003234
-0.640563700,-0.000003270
-0.648547800,-0.000003326
-0.656528400,-0.000003376
-0.664576000,-0.000003450
-0.672572000,-0.000003480
-0.680577900,-0.000003551
-0.688568400,-0.000003582
-0.696526100,-0.000003630
-0.704534400,-0.000003623
-0.712543500,-0.000003689
-0.720531500,-0.000003729
-0.728547600,-0.000003779
-0.736583500,-0.000003801
-0.744575600,-0.000003849
-0.752534700,-0.000003896
-0.760531200,-0.000003957
-0.768531100,-0.000003993
-0.776531500,-0.000004022
-0.784538300,-0.000004042
-0.792532000,-0.000004086
-0.800529500,-0.000004120
-0.808512500,-0.000004173
-0.816530500,-0.000004203
-0.824574000,-0.000004238
-0.832595100,-0.000004289
-0.840595400,-0.000004301
-0.848599400,-0.000004374
-0.856579600,-0.000004402
-0.864581900,-0.000004441
-0.872578000,-0.000004477
-0.880561800,-0.000004514
-0.888576000,-0.000004543
-0.896554100,-0.000004568
-0.904578400,-0.000004599
-0.912571600,-0.000004654
-0.920576000,-0.000004693
-0.928590300,-0.000004724
-0.936572800,-0.000004736
-0.944557400,-0.000004770
-0.952566900,-0.000004821
-0.960551100,-0.000004857
-0.968529200,-0.000004888
-0.976511700,-0.000004922
-0.984538700,-0.000004957
-0.992502600,-0.000004972
-1.000441000,-0.000005277
,
-1.000430000,-0.000005294
-0.993201900,-0.000005232
-0.985000400,-0.000005258
-0.976854700,-0.000005286
-0.968751200,-0.000005310
-0.960687300,-0.000005328
-0.952605100,-0.000005332
-0.944516900,-0.000005343
-0.936500500,-0.000005344
-0.928490500,-0.000005343
-0.920448100,-0.000005361
-0.912425000,-0.000005357
-0.904421900,-0.000005354
-0.896403600,-0.000005349
-0.888365500,-0.000005352
-0.880371200,-0.000005349
-0.872334900,-0.000005332
-0.864332100,-0.000005330
-0.856313600,-0.000005345
-0.848320100,-0.000005343
-0.840299700,-0.000005345
-0.832306300,-0.000005350
-0.824274500,-0.000005330
-0.816217100,-0.000005334
-0.808223400,-0.000005336
-0.800207900,-0.000005338
-0.792185400,-0.000005334
-0.784176600,-0.000005336
-0.776181000,-0.000005340
-0.768179000,-0.000005340
-0.760165900,-0.000005328
-0.752211000,-0.000005320
-0.744206700,-0.000005315
-0.736207300,-0.000005308
-0.728202400,-0.000005286
-0.720186400,-0.000005284
-0.712175400,-0.000005282
-0.704172200,-0.000005280
-0.696169900,-0.000005275
-0.688193600,-0.000005280
-0.680202800,-0.000005249
-0.672203300,-0.000005242
-0.664182100,-0.000005222
-0.656185300,-0.000005212
-0.648173000,-0.000005223
-0.640157500,-0.000005201
-0.632144500,-0.000005209
-0.624138100,-0.000005192
-0.616109100,-0.000005182
-0.608093300,-0.000005189
-0.600090900,-0.000005191
-0.592096000,-0.000005161
-0.584098800,-0.000005144
-0.576104000,-0.000005138
-0.568095600,-0.000005117
-0.560104700,-0.000005110
-0.552093200,-0.000005086
-0.544077600,-0.000005063
-0.536082100,-0.000005039
-0.528077400,-0.000005032
-0.520078200,-0.000005065
-0.512064700,-0.000004994
-0.504088100,-0.000005010
-0.496103600,-0.000005001
-0.488097600,-0.000004989
-0.480100500,-0.000004935
-0.472105100,-0.000004941
-0.464083700,-0.000004899
-0.456063100,-0.000004915
-0.448055900,-0.000004845
-0.440068200,-0.000004867
-0.432066500,-0.000004829
-0.424034900,-0.000004845
-0.416066400,-0.000004807
-0.407988500,-0.000004809
-0.399988900,-0.000004740
-0.391990000,-0.000004720
-0.383984100,-0.000004721
-0.375984500,-0.000004686
-0.367981700,-0.000004655
-0.359938900,-0.000004632
-0.351926600,-0.000004566
-0.343940000,-0.000004531
-0.335963100,-0.000004542
-0.327954400,-0.000004519
-0.319940100,-0.000004413
-0.311958700,-0.000004399
-0.303953200,-0.000004388
-0.295934900,-0.000004413
-0.287935700,-0.000004411
-0.279947600,-0.000004314
-0.271947600,-0.000004253
-0.263950800,-0.000004241
-0.255938500,-0.000004160
-0.247945200,-0.000004081
-0.239956100,-0.000004070
-0.231964400,-0.000004058
-0.223952400,-0.000003967
-0.215937700,-0.000003915
-0.207906300,-0.000003913
-0.199859900,-0.000003811
-0.191884800,-0.000003779
-0.183917400,-0.000003747
-0.175894000,-0.000003680
-0.167893200,-0.000003605
-0.159884000,-0.000003552
-0.151857200,-0.000003518
-0.143865000,-0.000003465
-0.135853500,-0.000003444
-0.129870600,-0.000003352
-0.120087800,-0.000003251
-0.112646800,-0.000003144
-0.103857200,-0.000003088
-0.095867030,-0.000003060
-0.087864650,-0.000002912
-0.079847980,-0.000002764
-0.071824970,-0.000002713
-0.063825760,-0.000002611
-0.055831310,-0.000002598
-0.047838000,-0.000002445
-0.039859480,-0.000002312
-0.031842820,-0.000002265
-0.023843610,-0.000002176
-0.015848370,-0.000001995
-0.007846003,-0.000001807
0.000220551,-0.000001730
0.008259567,-0.000001616
0.016249650,-0.000001446
0.024234960,-0.000001310
0.032241710,-0.000001217
0.040248060,-0.000001112
0.048271470,-0.000000942
0.056250010,-0.000000850
0.064221870,-0.000000740
0.072243700,-0.000000613
0.080234240,-0.000000475
0.088241420,-0.000000369
0.096223210,-0.000000297
0.104220700,-0.000000111
0.112243000,-0.000000046
0.120261600,0.000000000
0.128262000,0.000000137
0.136247300,0.000000227
0.144278600,0.000000327
0.152296900,0.000000490
0.160274400,0.000000505
0.168252400,0.000000607
0.176265900,0.000000693
0.184253200,0.000000723
0.192272000,0.000000902
0.200282200,0.000000939
0.208317100,0.000001016
0.216315100,0.000001090
0.224314700,0.000001147
0.232319900,0.000001260
0.240335000,0.000001272
0.248315200,0.000001370
0.256322300,0.000001434
0.264317100,0.000001546
0.272320700,0.000001595
0.280337800,0.000001726
0.288333000,0.000001765
0.296334600,0.000001831
0.304335800,0.000001923
0.312306900,0.000002003
0.320288800,0.000002058
0.328304000,0.000002119
0.336314400,0.000002163
0.344322700,0.000002260
0.352329000,0.000002304
0.360301300,0.000002344
0.368314000,0.000002422
0.376326800,0.000002493
0.384324300,0.000002576
0.392327800,0.000002604
0.400337400,0.000002664
0.408396900,0.000002717
0.416408400,0.000002845
0.424403300,0.000002902
0.432410000,0.000002946
0.440373500,0.000002924
0.448386300,0.000003013
0.456418700,0.000003058
0.464409200,0.000003148
0.472400900,0.000003185
0.480408400,0.000003260
0.488412800,0.000003285
0.496369100,0.000003345
0.504393400,0.000003378
0.512429500,0.000003445
0.520421500,0.000003518
0.528375000,0.000003554
0.536396500,0.000003607
0.544402400,0.000003653
0.552406800,0.000003702
0.560394500,0.000003761
0.568407200,0.000003786
0.576398500,0.000003804
0.584421100,0.000003907
0.592425900,0.000003958
0.600390500,0.000004020
0.608385600,0.000004023
0.616462400,0.000004066
0.624435100,0.000004136
0.632443800,0.000004178
0.640454500,0.000004182
0.648427800,0.000004222
0.656434600,0.000004270
0.664437400,0.000004307
0.672440600,0.000004374
0.680433400,0.000004405
0.688448100,0.000004467
0.696456400,0.000004488
0.704456900,0.000004530
0.712466800,0.000004553
0.720429200,0.000004574
0.728422900,0.000004628
0.736440500,0.000004663
0.744397700,0.000004709
0.752379700,0.000004731
0.760418000,0.000004759
0.768418100,0.000004795
0.776400900,0.000004863
0.784398400,0.000004884
0.792389700,0.000004899
0.800400900,0.000004919
0.808394500,0.000004986
0.816420400,0.000005006
0.824450100,0.000005017
0.832448100,0.000005070
0.840431000,0.000005110
0.848420700,0.000005144
0.856434400,0.000005161
0.864460800,0.000005186
0.872457700,0.000005212
0.880463700,0.000005250
0.888446900,0.000005291
0.896423400,0.000005332
0.904433100,0.000005362
0.912437800,0.000005396
0.920430700,0.000005424
0.928412000,0.000005457
0.936376900,0.000005486
0.944382000,0.000005491
0.952380700,0.000005514
0.960384100,0.000005538
0.968374000,0.000005590
0.976377100,0.000005628
0.984352500,0.000005644
0.992310400,0.000005689
1.000265000,0.000005911